id,name.local,name.en,name.slug,code.id,geo.lat,geo.lon
JOAMM_amanet-amman-alkubrah_abdaliyyeh,العبدليه,Abdaliyyeh,abdaliyyeh,JOAMM_amanet-amman-alkubrah_abdaliyyeh,31.671,36.447
JOAMM_amanet-amman-alkubrah_abu-saiah,ابو صياح,Abu Saiah,abu-saiah,JOAMM_amanet-amman-alkubrah_abu-saiah,31.671,36.447
JOAMM_amanet-amman-alkubrah_alabdaly,العبدلي,Alabdaly,alabdaly,JOAMM_amanet-amman-alkubrah_alabdaly,31.671,36.447
JOAMM_amanet-amman-alkubrah_almadina,المدينه,Almadina,almadina,JOAMM_amanet-amman-alkubrah_almadina,31.671,36.447
JOAMM_amanet-amman-alkubrah_alnaser,النصر,Alnaser,alnaser,JOAMM_amanet-amman-alkubrah_alnaser,31.671,36.447
JOAMM_amanet-amman-alkubrah_alquaismehaljwaydehabu-alandaalrajeeb,القويسمة والجويدة وابو علندا والرجيب,"Alquaismeh,Aljwaydeh,Abu Alanda,Alrajeeb",alquaismehaljwaydehabu-alandaalrajeeb,JOAMM_amanet-amman-alkubrah_alquaismehaljwaydehabu-alandaalrajeeb,31.671,36.447
JOAMM_amanet-amman-alkubrah_alyarmok,اليرموك,Alyarmok,alyarmok,JOAMM_amanet-amman-alkubrah_alyarmok,31.671,36.447
JOAMM_amanet-amman-alkubrah_bader,بدر,Bader,bader,JOAMM_amanet-amman-alkubrah_bader,31.671,36.447
JOAMM_amanet-amman-alkubrah_badr-jadeda,بدر الجديدة,Badr Jadeda,badr-jadeda,JOAMM_amanet-amman-alkubrah_badr-jadeda,31.671,36.447
JOAMM_amanet-amman-alkubrah_baidha,البيضاء,Baidha,baidha,JOAMM_amanet-amman-alkubrah_baidha,31.671,36.447
JOAMM_amanet-amman-alkubrah_basman,بسمان,Basman,basman,JOAMM_amanet-amman-alkubrah_basman,31.671,36.447
JOAMM_amanet-amman-alkubrah_dair,الدير,Dair,dair,JOAMM_amanet-amman-alkubrah_dair,31.671,36.447
JOAMM_amanet-amman-alkubrah_eskan-abu-nsair,اسكان ابو نصير,Eskan Abu Nsair,eskan-abu-nsair,JOAMM_amanet-amman-alkubrah_eskan-abu-nsair,31.671,36.447
JOAMM_amanet-amman-alkubrah_fahs,الفحص,Fahs,fahs,JOAMM_amanet-amman-alkubrah_fahs,31.671,36.447
JOAMM_amanet-amman-alkubrah_jbaiha,الجبيهة,Jbaiha,jbaiha,JOAMM_amanet-amman-alkubrah_jbaiha,31.671,36.447
JOAMM_amanet-amman-alkubrah_kaafour,قعفور,Ka'afour,kaafour,JOAMM_amanet-amman-alkubrah_kaafour,31.671,36.447
JOAMM_amanet-amman-alkubrah_khashafiyyet-janubyyeh,الخشافية الجنوبية,Khashafiyyet Janubyyeh,khashafiyyet-janubyyeh,JOAMM_amanet-amman-alkubrah_khashafiyyet-janubyyeh,31.671,36.447
JOAMM_amanet-amman-alkubrah_khashafiyyet-shamalyyeh,الخشافية الشمالية,Khashafiyyet Shamalyyeh,khashafiyyet-shamalyyeh,JOAMM_amanet-amman-alkubrah_khashafiyyet-shamalyyeh,31.671,36.447
JOAMM_amanet-amman-alkubrah_khraibet-essooqjawayadoodeh,خريبة السوق وجاوا واليادودة,"Khraibet Essooq,Jawa,Yadoodeh",khraibet-essooqjawayadoodeh,JOAMM_amanet-amman-alkubrah_khraibet-essooqjawayadoodeh,31.671,36.447
JOAMM_amanet-amman-alkubrah_madhouna,الماضونة,Madhouna,madhouna,JOAMM_amanet-amman-alkubrah_madhouna,31.671,36.447
JOAMM_amanet-amman-alkubrah_manakher,المناخر,Manakher,manakher,JOAMM_amanet-amman-alkubrah_manakher,31.671,36.447
JOAMM_amanet-amman-alkubrah_marka,ماركا,Marka,marka,JOAMM_amanet-amman-alkubrah_marka,31.671,36.447
JOAMM_amanet-amman-alkubrah_nair,النعير,N'air,nair,JOAMM_amanet-amman-alkubrah_nair,31.671,36.447
JOAMM_amanet-amman-alkubrah_ras-alain,راس العين,Ras Alain,ras-alain,JOAMM_amanet-amman-alkubrah_ras-alain,31.671,36.447
JOAMM_amanet-amman-alkubrah_rmedan,رميدان,Rmedan,rmedan,JOAMM_amanet-amman-alkubrah_rmedan,31.671,36.447
JOAMM_amanet-amman-alkubrah_shafa-badran,شفا بدران,Shafa Badran,shafa-badran,JOAMM_amanet-amman-alkubrah_shafa-badran,31.671,36.447
JOAMM_amanet-amman-alkubrah_swaileh,صويلح,Swaileh,swaileh,JOAMM_amanet-amman-alkubrah_swaileh,31.671,36.447
JOAMM_amanet-amman-alkubrah_tareq,طارق,Tareq,tareq,JOAMM_amanet-amman-alkubrah_tareq,31.671,36.447
JOAMM_amanet-amman-alkubrah_tlaa-alalikheldaum-essommaq,تلاع العلي وخلدا وام السماق,"Tla'a Alali,Khelda,Um Essommaq",tlaa-alalikheldaum-essommaq,JOAMM_amanet-amman-alkubrah_tlaa-alalikheldaum-essommaq,31.671,36.447
JOAMM_amanet-amman-alkubrah_um-qsairmoqabaleenbinayat,ام قصير والمقابلين و البنيات,"Um Qsair,Moqabaleen,Binayat",um-qsairmoqabaleenbinayat,JOAMM_amanet-amman-alkubrah_um-qsairmoqabaleenbinayat,31.671,36.447
JOAMM_amanet-amman-alkubrah_wadi-essier,وادي السير,Wadi Essier,wadi-essier,JOAMM_amanet-amman-alkubrah_wadi-essier,31.671,36.447
JOAMM_amanet-amman-alkubrah_zahran,زهران,Zahran,zahran,JOAMM_amanet-amman-alkubrah_zahran,31.671,36.447
JOAMM_amanet-amman-alkubrah_zamlet-olia,زملة العليا,Zamlet Olia,zamlet-olia,JOAMM_amanet-amman-alkubrah_zamlet-olia,31.671,36.447
